{"flutter":{"platforms":{"android":{"default":{"projectId":"diuevents-9d406","appId":"1:807222454374:android:92dbe70ca102f60a4125a7","fileOutput":"android/app/google-services.json"}},"dart":{"lib/firebase_options.dart":{"projectId":"diuevents-9d406","configurations":{"android":"1:807222454374:android:92dbe70ca102f60a4125a7","ios":"1:807222454374:ios:08df55fd1ae9a7d14125a7","macos":"1:807222454374:ios:08df55fd1ae9a7d14125a7","web":"1:807222454374:web:1e299a38360f82a64125a7","windows":"1:807222454374:web:ef2d0f65981e13524125a7"}}}}}}