{
  "project_info": {
    "project_number": "807222454374",
    "project_id": "diuevents-9d406",
    "storage_bucket": "diuevents-9d406.firebasestorage.app"
  },
  "client": [
    {
      "client_info": {
        "mobilesdk_app_id": "1:807222454374:android:92dbe70ca102f60a4125a7",
        "android_client_info": {
          "package_name": "com.example.diu_evento"
        }
      },
      "oauth_client": [],
      "api_key": [
        {
          "current_key": "AIzaSyDxSujl8UaKlbet3yiq-r8zrq0XD_2uwrs"
        }
      ],
      "services": {
        "appinvite_service": {
          "other_platform_oauth_client": []
        }
      }
    }
  ],
  "configuration_version": "1"
}